{"cameraMode":{"drawMode":0,"name":"Shaded","section":"Shading Mode"},"sceneLighting":true,"audioPlay":false,"sceneViewState":{"showFog":false,"showMaterialUpdate":false,"showSkybox":false,"showFlares":false,"showImageEffects":false,"showParticleSystems":false},"in2DMode":false,"pivot":{"x":-0.005304574966430664,"y":3.0738260746002199,"z":3.9485788345336916},"rotation":{"x":0.016305677592754365,"y":0.29089125990867617,"z":-0.00003800884587690234,"w":0.9577454924583435},"size":2.724851608276367,"orthographic":false}