{"cameraMode":{"drawMode":0,"name":"Shaded","section":"Shading Mode"},"sceneLighting":false,"audioPlay":false,"sceneViewState":{"showFog":false,"showMaterialUpdate":false,"showSkybox":false,"showFlares":false,"showImageEffects":false,"showParticleSystems":false},"in2DMode":false,"pivot":{"x":0.1685887575149536,"y":0.5017964839935303,"z":0.3576864004135132},"rotation":{"x":0.045879609882831576,"y":0.6134846210479736,"z":0.035739634186029437,"w":-0.7875654697418213},"size":1.407431721687317,"orthographic":false}