{"cameraMode":{"drawMode":0,"name":"Shaded","section":"Shading Mode"},"sceneLighting":true,"audioPlay":false,"sceneViewState":{"showFog":false,"showMaterialUpdate":false,"showSkybox":false,"showFlares":false,"showImageEffects":false,"showParticleSystems":false},"in2DMode":false,"pivot":{"x":0.5237143635749817,"y":2.193403482437134,"z":7.29573392868042},"rotation":{"x":0.31819531321525576,"y":0.0672791600227356,"z":-0.022736264392733575,"w":0.9465615749359131},"size":4.237306594848633,"orthographic":false}